slug,location_name,state,image_url
gold-coast,Gold Coast,QLD,https://lh3.googleusercontent.com/gps-cs-s/APNQkAHA1V4tCGJhXVh7WhV9NKPQCYmNuZqNLBtvpuWc-VigjIUUyGGYLQ4peZgh1f1xErMaKgJVgruwgexEolqCiHA2Bwko6hco6ILgjqBnqngdrYnuDPmAU5WZq6KMj6yhX24gRmQlPQ=w800-h600-k-no
noosa,Noosa,QLD,https://lh3.googleusercontent.com/gps-cs-s/APNQkAHU9UWhDVnGb9OxOvVPxf1nKas7zTBAflf_ho9iiov-x1UQ-BPA-DjYMNn2M7fwB0yjN71mCdnzzR6jCRz7gMUIj1e2ok579S_y5Gc13HvXx0t4NP7AfyPd2nEvLEEENey7mxl-=w800-h600-k-no
sunshine-coast,Sunshine Coast,QLD,https://lh3.googleusercontent.com/gps-cs-s/APNQkAEXeBsBgy6sxhIjN2pX6jYFWST1SMEbBmDQeAbh_4ta1t9Y6Csm6uX2K0H00aSqcUYeBXFSxIXDI4vV_O57xxBN3Inq_a7WGOk2o5L2XAKS8vwCqP1bZQ9lmC9CDql1CLku-_Q8Vw=w800-h600-k-no
whitsundays,Whitsundays,QLD,https://lh3.googleusercontent.com/gps-cs-s/APNQkAEZtExRrdGznkyRKQY6M-7vegYI19EcnOP3Ls5LypvXQ9BAGLrnS4NfiSlvn4G-oqg48RWzajDb3R7wwNDoIK_FGStiwGQqFJu6LsckKHt39f_sRuvkT_yTVLFT-T5m_mVlbpSk=w800-h600-k-no
cairns,Cairns,QLD,https://lh3.googleusercontent.com/gps-cs-s/APNQkAFOFXMYMcRP56TKBvBjPsKqBfgNY6kafQTWfvSznFxmJCR2cc34-1mrZ4dJZ_9RyEfJa54fZ6b9MxPvmjBRNbcajeT8lYiLV5YAPgrme9hhX8ByOWUfckF7TdbkGVcZict5-dIdtS9UAL45=w800-h600-k-no
port-douglas,Port Douglas,QLD,https://lh3.googleusercontent.com/gps-cs-s/APNQkAGYp3KgZ1AzAfWtTEAfyuWDQChbiHRCmY2GLxLNPhjjr_R8esyqVjS9SyVqlgScCnoqZLGpaxFpx_-huiqIVwdbUehr60j5LjawiPAF7iTaLpDDMs3L-fqVKBXWJWnOiNgsJ-U-Lw=w800-h600-k-no
hervey-bay,Hervey Bay,QLD,https://lh3.googleusercontent.com/gps-cs-s/APNQkAGFnnvyeUVGxpe2OLlsdDbdbhWsEem2bVmnYwlejkz72y4zandAfH17oR8UjC7-1SwNmefQjIpnFbFFKoGKswMBOqWGR7_u1NHQCDAzKKnFAnIpY4wEEykfJ7rihMoEhodNEMuA=w800-h600-k-no
airlie-beach,Airlie Beach,QLD,https://lh3.googleusercontent.com/gps-cs-s/APNQkAGuWBwU44k1Xs0gPWyBqpcE4nnQiESkdg-YsopfamJyjIOYZ-erLK5tYMsP7MbJGvu14gOxi9R1sA8JaMgoXrJN2fZ2yfjSbdTMSnhuWHyneLYNI8JFQLjHnVP-5vMgKkDCNpq3=w800-h600-k-no
magnetic-island,Magnetic Island,QLD,https://lh3.googleusercontent.com/gps-cs-s/APNQkAEzHwSX6Kb9fnyhIpUJHBt_KlhlTak13Vmnzb6m24n8l0iIOsjWE2WesmWp_TaN3rfyYCizTGiWVHqOkeTRH__JBoveaQQGQsb3Ji45A26KRDaNaj3w_ZM3-0Fpzv-2jblRO_VNsg=w800-h600-k-no
yeppoon,Yeppoon,QLD,https://lh3.googleusercontent.com/gps-cs-s/APNQkAGKqF5nVGnWMHPofnxMhFIQ0NTS86a2_Ffbhve3YsVhX0gyEiE1dppa_IzCSh7631B58kGzDwqtW8he3LuDZspdqXVXMtr7-DwerZw1pUs_S53m9s8o0p8SK2YtdS1Mi1HC5ANapg=w800-h600-k-no
maleny,Maleny,QLD,https://lh3.googleusercontent.com/gps-cs-s/APNQkAEcO4wiRXkS5T5iATj_Z7wr4Tw0Zzs_OLugyyxHrU_XGv5PmAn44OC_tgoMgSdwMzLVf3sYsdufxTZ7r2i4L-ND1_6Gjgvy2L0ITXPSFlJBG6O8qW79zP4sgevFPLDfGB-_mhs=w800-h600-k-no
fraser-coast,Fraser Coast,QLD,https://lh3.googleusercontent.com/gps-cs-s/APNQkAEnwCAk8C8Gu5BFWXBck-zh1dI_HBZRVgDRou8uzoTq9OE3Pf87BUZjJvUnUOjCUkWn0FyQ6PRZT-Si24iBVgVD4XUrNqdP6u-cPqn4gLm6j0M_3cc5tUC4LxlBH9NBHEF8D5Gv=w800-h600-k-no
tweed-heads,Tweed Heads,QLD,https://lh3.googleusercontent.com/gps-cs-s/APNQkAFZ2QU33kDoPpzFBYQ_mysA7BPpLfjDIyzVk1ScHQ8pWg9WXQ3Qeuq6udhXsPIgVEBsO1WgkmA-M9RtzJqR2-84NWyi0olqt8cd0qcLdsoBdUbEAsJxeRtY7My9OpkCMAmuZfBg=w800-h600-k-no
gold-coast-hinterland,Gold Coast Hinterland,QLD,https://lh3.googleusercontent.com/gps-cs-s/APNQkAHBSJCQgmjLEQtjohYJqmossJhfsm3ZofPza7ONMYKzYt_2T2dVZRERUR8AHpS77QT5KgxwHs_kvs9I0dHA-t7xu4w98oCwxUVk0ELeFjplkigqnfkZ0nSwRXroGw5k714Qa2u1=w800-h600-k-no
sunshine-coast-hinterland,Sunshine Coast Hinterland,QLD,https://lh3.googleusercontent.com/gps-cs-s/APNQkAEBybEcfbAoFBAgr0sepffiN9YdYrOS9UOqdltYAYmi4ufNDn3eFfGRFP1YuPX0AOuso1NRSr1n7TqBfqg7B0ASA-B7O8VdBlmlG_GDaFW2zRFxODhQtipBn3yW1ijjGGOfeH0=w800-h600-k-no
byron-bay,Byron Bay,NSW,https://lh3.googleusercontent.com/gps-cs-s/APNQkAEcdJOnXXGYJumPH30yBbbA709go1z8VNjpBxMBzFAk88WfbNn4jnkaVnO5XQJ4y30Ou9TG_gb5v7UhOcz2HtM8hLzGvobkPNapOEt036KVzDSxFmCHb85Pt-DfVWg1UjY7BJK5=w800-h600-k-no
port-stephens,Port Stephens,NSW,https://lh3.googleusercontent.com/gps-cs-s/APNQkAG64fHSaDKpPH0HW21_7321BIzPsCF4_L11Aa5y-G0BuIcXavzFP5sc-M9bfvyti38AqpmqyFGzySI8BJ9RwIjlysllHpD3sfnaCmTfcAK8aJO6javwrt6VuXLVR2gUk98lfh9mVA=w800-h600-k-no
coffs-harbour,Coffs Harbour,NSW,https://lh3.googleusercontent.com/gps-cs-s/APNQkAEbZ00bbzH_EPG0jvK_2tz0kWvMvcpuGTb_PvXvfPMv2flqZyl4b9aULwuy1F_mmQaN1re7l-OhaJEH-hl9EutlJIEM0-mqBw6vHt5SYsph0MrktPwMY6L31Q_7Ho1PQvm1xIWrAw=w800-h600-k-no
south-coast,South Coast,NSW,https://lh3.googleusercontent.com/gps-cs-s/APNQkAHx9q1QAZjeyW_kU_JeXxq_J8BCVlsU5miXicEmqXZ0s95lq_qQzvyq_xyPUDOP23uqHs8Pywts_nrR1CYd55EeatdkAG9DExzugbiZo4K3kgLyrTdiOraMR6Dg3yAmW52DhSYm=w800-h600-k-no
hunter-valley,Hunter Valley,NSW,https://lh3.googleusercontent.com/gps-cs-s/APNQkAGcW9Yz_2MQf_2AVjkJCvMYQY953ZOBEbhOB-0j0MuWudqrq-xg5B90GArC_pSPoLXw7UBdPjXH5ZXezF6W6mtLFIE6zZMUdYs9wp_kag7ZFjM-bQnmyEz4n9vPvKgFAsEfjZk=w800-h600-k-no
blue-mountains,Blue Mountains,NSW,https://lh3.googleusercontent.com/gps-cs-s/APNQkAEEPD9Z7s4aqhE1xrO0kDPVIfLWWPdNUvpIS_wuexmk6x9wyx4CZkNLIAN-QaycnGDZ1kweK4imPxqJ0C5mlmLRYEr5VwVOr9lM-gcoHqlQsSWerf6F1A5C91O0S5YlQiyXTAc5MA=w800-h600-k-no
central-coast,Central Coast,NSW,https://lh3.googleusercontent.com/gps-cs-s/APNQkAFRQglC0j8MFZRkXYUHXWUHLWS_UcpTs7MavMNAr5z2U1urxYVtWiny198xaUWPFRpt7LHZ3hkvpuPDuKL4GZb_pGiYjoi532Qlrd-fH_jRMiUMHcRaZkJKIb5DCJS_I9L2wbWn=w800-h600-k-no
jervis-bay,Jervis Bay,NSW,https://lh3.googleusercontent.com/gps-cs-s/APNQkAH-2mZBoUIb5CoySItOPnWMcTz89Sq2qKi2z7wrKE5z9faEjqctMm_dQv872oUdlANlOo-abqrHc379zzl8TF3A1vnoAxz7AGF7JfNnz7Pzph2bBNXdW5nVYNvr9VKKh07yTQ-f=w800-h600-k-no
sapphire-coast,Sapphire Coast,NSW,https://lh3.googleusercontent.com/gps-cs-s/APNQkAGJmUO80SBOmtAwFFD4cwsyR0ITn19SO8lPv-M_lFSzESGu_i4UqaFqn440WnykkhCWovDq921LVWwEM6nKDLCvBWdR6Cu_urL8Nlf6PbqpI5IDXcuPPbkuA5P6nICjqQ4QGGi-Hw=w800-h600-k-no
snowy-mountains,Snowy Mountains,NSW,https://lh3.googleusercontent.com/gps-cs-s/APNQkAGbjkYjL5bTrWYYzRA6RGg-KsueWoPCSH5DsBKfeatatbpAyrMVpdaLdFz7997X8BMqBbrGC8EPm0bu6L6y4KX1m53c6IFXeiRCM2k3OUipPC7buSvXdD_VX9HhQhAziPTtK5zVZw=w800-h600-k-no
phillip-island,Phillip Island,VIC,https://lh3.googleusercontent.com/gps-cs-s/APNQkAF6wHhp6lqp0gWu9UOX2aybf4seXOA2goXECJJc7EO5cV8KvdGD8wfh8nZSudk7-SBqNl5SjkbvqmE41RpJg2n2ZK4afTSORjJHWHg2pi1_xWYYsINSsTL9mimZR37DqyAzCD_d=w800-h600-k-no
great-ocean-road,Great Ocean Road,VIC,https://lh3.googleusercontent.com/gps-cs-s/APNQkAHB9T68B17CQrTZWDi03TS7M__XkY2bNnncJaO03cbGQ70RBVQr4AJoGu7vRnUiWpbyV0hnF0cniTi7V2XBO3T84SoaX-JEkUqNRIFTco6-bbX97sT1JqdsvCvra3MXKXEotoa9ew=w800-h600-k-no
mornington-peninsula,Mornington Peninsula,VIC,https://lh3.googleusercontent.com/gps-cs-s/APNQkAEx62I5i1DZkTekS2idYeih_EJFmwGrgPeSrs7wHmCE58a2p6PhqvLaZE-7PM-Df6yX15I3ml7lW3TsP1rdKSNlJgkeQcktemoQqI5OyeVwqQsMRJnrM6wXR4n_VTgIr3J1q98bBQ=w800-h600-k-no
gippsland,Gippsland,VIC,https://lh3.googleusercontent.com/gps-cs-s/APNQkAF6wHhp6lqp0gWu9UOX2aybf4seXOA2goXECJJc7EO5cV8KvdGD8wfh8nZSudk7-SBqNl5SjkbvqmE41RpJg2n2ZK4afTSORjJHWHg2pi1_xWYYsINSsTL9mimZR37DqyAzCD_d=w800-h600-k-no
grampians,Grampians,VIC,https://lh3.googleusercontent.com/gps-cs-s/APNQkAFyPnMPSJBwElE4MPUJbnU5TbjSjr3_qRQB7JFixVsh3BB_CIRDKtyVC2YQxsiR105QO1XSBCFWvir9B6sJ3nvOOiQDniPi6A6GRt1BW4cEyzmnkD4bIRS6_0_9lulWqO7hlELdJw=w800-h600-k-no
margaret-river,Margaret River,WA,https://lh3.googleusercontent.com/gps-cs-s/APNQkAGjPhzhiWFqdgMANeNCY6WgUA4ptONC5VsL3VlBA7WjH1uwI714p3iaUInoBLF8WKS0mL5T1PMERSMXqiKQCEB69G4iIO5kDBpoprpL0uHoPIOnUVVM02FMbhaEREKKWsdVdsUJiA=w800-h600-k-no
rottnest-island,Rottnest Island,WA,https://lh3.googleusercontent.com/gps-cs-s/APNQkAFWapkOrQVYeE1SKPPPkSRipHxLdaQa6iMFr7ZRr1AqKEWR6sTjcpYUoyu6huVnZupXLaZETDuBvFlym7JQukNY3D526Q2q1sqfkiMbcBEAeEZW9r6B7pD0hVAMuVEpZtxBwJMPHQ=w800-h600-k-no
broome,Broome,WA,https://lh3.googleusercontent.com/gps-cs-s/APNQkAG9ixchn6A1gmcl4Nhg568hejb7dD0uBUGc9ZRKFVxg5oKyXOqSYt8UcByaLGVta7cmj0X7gAB12KKTzH1hQTTxPP9h5eDJGIx5D2JeJlmhQ6yfX3JM7jOTqT852TbUpnUb4LI=w800-h600-k-no
pemberton,Pemberton,WA,https://lh3.googleusercontent.com/gps-cs-s/APNQkAHs9coDssvUTXZawiMXgU5OcrV9jLd15tcrAMm-893ds9Wbrm77Zg9I1I6MbGVHRwQmk9VHmqpX1OWjqJ8MT4WMwI1CgIZXQIUh1NxwAKL1muTK5ghj0mVsqjRGe-ZgNCgVeRZq=w800-h600-k-no
adelaide,Adelaide,SA,https://lh3.googleusercontent.com/gps-cs-s/APNQkAF_zUhbnBHLHGHDYWr3CO1NjfmlfXeflCHK3y_fzXE6NpGCgYpGPX5wPwEZb-KcerRn4PrS7pSnd7Yedlduu2_-NDcAKhTiG0C3nYjhjiH_thLpluTg6ddLw3g5_G2Iz3ZxUEFquA=w800-h600-k-no
yorke-peninsula,Yorke Peninsula,SA,https://lh3.googleusercontent.com/gps-cs-s/APNQkAEEL5zic9ymIWMwmZoiHfUGtfrl9QLyhxkVdASXemm3gIzWu1mdOAvlb0O0H2Ep-c0gv7kGcOyWCeLywX4h4oKglcoVL-CEe4SFmiexZkeT9Gxo5mu5u9QoxLqZzmRNsXc9AxY1=w800-h600-k-no
kangaroo-island,Kangaroo Island,SA,https://lh3.googleusercontent.com/gps-cs-s/APNQkAEQMkTbHzTRkRWlzRpGjxKqikRcoAT-9D-beNRPPEMZoBZN1fqU6onKB4XgShaHd38Rd9Rv1Zw4DTXs0SsvHIeeup7tClEr0mQejttBdhGj9XqDH2gZ_UktsCfIZ_DSqTIDf1YAQLl3E9T4=w800-h600-k-no
fleurieu-peninsula,Fleurieu Peninsula,SA,https://lh3.googleusercontent.com/gps-cs-s/APNQkAHlAKSJQ4ic9-9JD7EDLNNy6mccBh99Z8VtbfhYVuAZhu2m0e0OI-2ZOEJ9geoZT6ii4NrZFxeBwA9okAEdTniJS2cT0R1O3gDil80Vejw3nQS3c3_gCIEHzhKEKmQwgC1K4WYM=w800-h600-k-no
hobart,Hobart,TAS,https://lh3.googleusercontent.com/gps-cs-s/APNQkAEDoX92urrcJthIwSe0cVxaFjgX_c8zNdjm_F0Y8ERPcr2kaHKFElNqfJXhf_id5IJqGNAb5cna8oDa231jqR3PHOw5nmzlkymn4TWE8BDmcwRInUsEGNrFW3u5fkqGtAEeS-0=w800-h600-k-no
east-coast-tasmania,East Coast Tasmania,TAS,https://media-cdn.tripadvisor.com/media/attractions-splice-spp-720x480/09/35/29/68.jpg
cradle-mountain,Cradle Mountain,TAS,https://lh3.googleusercontent.com/gps-cs-s/APNQkAE0JiVI27qq3QlZI_VDT7tLBAju95FfUfw4XMJOAKooAmGIzliQKrgiJn5bB9pTmmPAt5-964TpYEeAnncRCHWUCiF0WXP_KSCwS3sk27o3dS5xvErLjYxuh313o77TsCGibXWK=w800-h600-k-no
darwin,Darwin,NT,https://lh3.googleusercontent.com/gps-cs-s/APNQkAFQWALIXljFmXHG1Js-mUecg-UA5o8BedsAgExVNUG6AoivWNJB1FfHDvSgdMkvDoTg8X6MYp_I-3e5uS80wWbPhDMO5WZ-MOSvK7CkBi8HchcipTkRn3ZQo7EsJ9oojfPo0qx4Sw=w800-h600-k-no
kakadu,Kakadu,NT,https://lh3.googleusercontent.com/gps-cs-s/APNQkAHrRBLGVvMJKjZgBbNDV9PQZ47MOLuRc3Cug3eagwFe5w9KqJh-f2aRl2KHwxlF_JOFV-2eqlrYqzT_hgZW8Ug0rAQPNC-DLqKu7PwWe24Bi3d-Cc1mzL1SISsoPOfVxSkxbpw3=w800-h600-k-no
alice-springs,Alice Springs,NT,https://lh3.googleusercontent.com/gps-cs-s/APNQkAF0cW2xef93uejpU-p7gYrhfv3jB5qnWgnnOuskvVJtx5z0ZqOCeNUrz91CO7HJns7RTkYH628hqhaBN5z0U7DTlURGwprfKOaYhGsjRFgG_thddCaTwB97sAzZRgTtNo4Dy2qP2Q=w800-h600-k-no
