Park Name,Town/Suburb,State,Chain/Brand,Source,Website
Howqua Valley Holiday Park,VIC High Country,VIC,G'Day Parks,GDay,https://gdayparks.com.au/parks/victoria/high-country/howqua-valley-holiday-park
Mansfield Lakeside Holiday Park,VIC High Country,VIC,G'Day Parks,GDay,https://gdayparks.com.au/parks/victoria/high-country/lakeside-mansfield
Thornton Riverbend Holiday Park,VIC High Country,VIC,G'Day Parks,GDay,https://gdayparks.com.au/parks/victoria/high-country/thornton-riverbend-holiday-park
Bonnie Doon Lakeside Leisure Resort,VIC High Country,VIC,G'Day Parks,GDay,https://gdayparks.com.au/parks/victoria/high-country/bonnie-doon-lakeside-leisure-resort
Breakaway Twin Rivers Caravan Park,VIC Acheron,VIC,G'Day Parks,GDay,https://gdayparks.com.au/parks/victoria/acheron/breakaway-twin-rivers-caravan-park
Warburton Holiday Park,VIC Yarra Valley and Dandenong Ranges,VIC,G'Day Parks,GDay,https://gdayparks.com.au/parks/victoria/yarra-valley-and-dandenong-ranges/warburton-holiday-park
Yea Riverside Caravan Park,VIC Yea,VIC,G'Day Parks,GDay,https://gdayparks.com.au/parks/victoria/yea/yea-riverside-caravan-park
Glen Cromie Reserve Caravan Park,VIC Gippsland,VIC,G'Day Parks,GDay,https://gdayparks.com.au/parks/victoria/gippsland/glen-cromie-reserve-caravan-park
Lilydale Pine Hill Caravan Park,VIC Yarra Valley and Dandenong Ranges,VIC,G'Day Parks,GDay,https://gdayparks.com.au/parks/victoria/yarra-valley-and-dandenong-ranges/lilydale-pine-hill-caravan-park
Porepunkah Pines Holiday Park,VIC Bright - Porepunkah,VIC,G'Day Parks,GDay,https://gdayparks.com.au/parks/victoria/bright---porepunkah/porepunkah-pines-holiday-park
Discovery Parks - Mount Buffalo,VIC High Country,VIC,G'Day Parks,GDay,https://gdayparks.com.au/parks/victoria/high-country/mount-buffalo
Discovery Parks - Bright,VIC High Country,VIC,G'Day Parks,GDay,https://gdayparks.com.au/parks/victoria/high-country/bright
Bright Accommodation Park,VIC High Country,VIC,G'Day Parks,GDay,https://gdayparks.com.au/parks/victoria/high-country/bright-accommodationpark
Benalla Tourist Park,VIC High Country,VIC,G'Day Parks,GDay,https://gdayparks.com.au/parks/victoria/high-country/benalla-tourist-park
Myrtleford Holiday Park,VIC Myrtleford,VIC,G'Day Parks,GDay,https://gdayparks.com.au/parks/victoria/myrtleford/myrtleford-holiday-park
Tawonga Tourist Park,VIC High Country,VIC,G'Day Parks,GDay,https://gdayparks.com.au/parks/victoria/high-country/tawonga-tourist-park
Tarra Valley Retreat,VIC Gippsland,VIC,G'Day Parks,GDay,https://gdayparks.com.au/parks/victoria/gippsland/tarra-valley-retreat
Wangaratta Caravan Park,VIC High Country,VIC,G'Day Parks,GDay,https://gdayparks.com.au/parks/victoria/high-country/wangaratta-caravan-park-australia
Omeo Holiday Park,VIC Lakes,VIC,G'Day Parks,GDay,https://gdayparks.com.au/parks/victoria/lakes/omeo-holiday-park
Beechworth Lake Sambell Caravan Park,VIC Beechworth,VIC,G'Day Parks,GDay,https://gdayparks.com.au/parks/victoria/beechworth/beechworth-lake-sambell-caravan-park
Discovery Parks - Nagambie Lakes,VIC Goulburn,VIC,G'Day Parks,GDay,https://gdayparks.com.au/parks/victoria/goulburn/nagambie-lakes
Eldorado Caravan Park,VIC High Country,VIC,G'Day Parks,GDay,https://gdayparks.com.au/parks/victoria/high-country/eldorado-caravan-park
Airport Tourist Village Melbourne,VIC Melbourne,VIC,G'Day Parks,GDay,https://gdayparks.com.au/parks/victoria/melbourne/airport-tourist-village-melbourne
Discovery Parks - Melbourne,VIC Melbourne,VIC,G'Day Parks,GDay,https://gdayparks.com.au/parks/victoria/melbourne/melbourne
Yarram Holiday Park,VIC Yarram,VIC,G'Day Parks,GDay,https://gdayparks.com.au/parks/victoria/yarram/yarram-holiday-park
Victoria Lake Holiday Park,VIC Shepparton,VIC,G'Day Parks,GDay,https://gdayparks.com.au/parks/victoria/shepparton/victoria-lake-holiday-park
Lakes Bushland Caravan Park,VIC Gippsland,VIC,G'Day Parks,GDay,https://gdayparks.com.au/parks/victoria/gippsland/lake-bushland-caravan-park
Toora Tourist Park,VIC Toora Wilsons Promontory,VIC,G'Day Parks,GDay,https://gdayparks.com.au/parks/victoria/toora-wilsons-promontory/toora-tourist-park
Anchor Belle Holiday Park,VIC Phillip Island - Cowes,VIC,G'Day Parks,GDay,https://gdayparks.com.au/parks/victoria/phillip-island---cowes/anchor-belle-holiday-park
Wodonga Caravan & Cabin Park,VIC Wodonga,VIC,G'Day Parks,GDay,https://gdayparks.com.au/parks/victoria/wodonga/wodonga-caravan-and-cabin-park
Lakelands Caravan Park,VIC Murray East,VIC,G'Day Parks,GDay,https://gdayparks.com.au/parks/victoria/murray-east/lakelands-caravan-park
"Discovery Parks - Lake Hume, Victoria",VIC Murray East,VIC,G'Day Parks,GDay,https://gdayparks.com.au/parks/victoria/murray-east/lake-hume-victoria
Yarrawonga Riverlands Tourist Park,VIC Yarrawonga,VIC,G'Day Parks,GDay,https://gdayparks.com.au/parks/victoria/yarrawonga/yarrawonga-riverlands-tourist-park
North Arm Tourist Park,VIC Lakes Entrance,VIC,G'Day Parks,GDay,https://gdayparks.com.au/parks/victoria/lakes-entrance/north-arm-tourist-park
Woodbine Tourist Park,VIC Lakes Entrance,VIC,G'Day Parks,GDay,https://gdayparks.com.au/parks/victoria/lakes-entrance/woodbine-tourist-park
Dylene Holiday Park - Portarlington,VIC Geelong and Bellarine,VIC,G'Day Parks,GDay,https://gdayparks.com.au/parks/victoria/geelong-and-bellarine/dylene-holiday-park-portarlington
Mingling Waters,VIC Lakes,VIC,G'Day Parks,GDay,https://gdayparks.com.au/parks/victoria/lakes/mingling-waters
Kyabram Western Gums Tourist Park,VIC Central Murray,VIC,G'Day Parks,GDay,https://gdayparks.com.au/parks/victoria/central-murray/kyabram-western-gums-tourist-park
Cobram Willows Caravan Park,VIC Cobram,VIC,G'Day Parks,GDay,https://gdayparks.com.au/parks/victoria/cobram/cobram-willows-caravan-park
Collendina Caravan Park,VIC Geelong and Bellarine,VIC,G'Day Parks,GDay,https://gdayparks.com.au/parks/victoria/geelong-and-bellarine/collendina-caravan-park
Geelong Holiday Park,VIC Geelong and Bellarine,VIC,G'Day Parks,GDay,https://gdayparks.com.au/parks/victoria/geelong-and-bellarine/geelong-holiday-park
Discovery Parks - Geelong,VIC Geelong and Bellarine,VIC,G'Day Parks,GDay,https://gdayparks.com.au/parks/victoria/geelong-and-bellarine/geelong
Gold Nugget Tourist Park,VIC Bendigo,VIC,G'Day Parks,GDay,https://gdayparks.com.au/parks/victoria/bendigo/gold-nugget-tourist-park
Colac Colac Caravan Park,VIC Corryong,VIC,G'Day Parks,GDay,https://gdayparks.com.au/parks/victoria/corryong/colac-colac-caravan-park
Discovery Parks - Echuca,VIC Central Murray,VIC,G'Day Parks,GDay,https://gdayparks.com.au/parks/victoria/central-murray/echuca
Torquay Foreshore Caravan Park,VIC Torquay,VIC,G'Day Parks,GDay,https://gdayparks.com.au/parks/victoria/torquay/torquay-foreshore-caravan-park
Marlo Caravan Park and Motel,VIC Lakes,VIC,G'Day Parks,GDay,https://gdayparks.com.au/parks/victoria/lakes/marlo-caravan-park-and-motel
Woodmans Hill Motel & Caravan Park,VIC Ballarat,VIC,G'Day Parks,GDay,https://gdayparks.com.au/parks/victoria/ballarat/woodmans-hill-motel-and-caravan-park
Creswick Holiday Park,VIC Spa Country,VIC,G'Day Parks,GDay,https://gdayparks.com.au/parks/victoria/spa-country/creswick-holiday-park
Eureka Stockade Holiday Park,VIC Ballarat,VIC,G'Day Parks,GDay,https://gdayparks.com.au/parks/victoria/ballarat/eureka-stockade-holiday-park
Anglesea Family Caravan Park,VIC Great Ocean Road,VIC,G'Day Parks,GDay,https://gdayparks.com.au/parks/victoria/great-ocean-road/anglesea-family-caravan-park
Lake Burrumbeet Caravan Park,VIC Ballarat,VIC,G'Day Parks,GDay,https://gdayparks.com.au/parks/victoria/ballarat/lake-burrumbeet-caravan-park
Lorne Foreshore Caravan Park,VIC Lorne,VIC,G'Day Parks,GDay,https://gdayparks.com.au/parks/victoria/lorne/lorne-foreshore-caravan-park
Kennett River Family Caravan Park,VIC Kennett River,VIC,G'Day Parks,GDay,https://gdayparks.com.au/parks/victoria/kennett-river/kennett-river-family-caravan-park
Cohuna Waterfront Holiday Park,VIC Cohuna,VIC,G'Day Parks,GDay,https://gdayparks.com.au/parks/victoria/cohuna/cohuna-waterfront-holiday-park
Forrest Holiday Park,VIC Great Ocean Road,VIC,G'Day Parks,GDay,https://gdayparks.com.au/parks/victoria/great-ocean-road/forrest-holiday-park
Lake Colac Holiday Park,VIC Great Ocean Road,VIC,G'Day Parks,GDay,https://gdayparks.com.au/parks/victoria/great-ocean-road/lake-colac-holiday-park
Apollo Bay Holiday Park,VIC Apollo Bay,VIC,G'Day Parks,GDay,https://gdayparks.com.au/parks/victoria/apollo-bay/apollo-bay-holiday-park
Kerang Holiday Park,VIC Mallee,VIC,G'Day Parks,GDay,https://gdayparks.com.au/parks/victoria/mallee/kerang-holiday-park
G'day Parks Ararat,VIC Ararat,VIC,G'Day Parks,GDay,https://gdayparks.com.au/parks/victoria/ararat/gday-parks-ararat
Lake Boga Caravan Park,VIC Lake Boga - Swan Hill,VIC,G'Day Parks,GDay,https://gdayparks.com.au/parks/victoria/lake-boga---swan-hill/lake-boga-caravan-park
Lake Fyans Holiday Park,VIC Grampians,VIC,G'Day Parks,GDay,https://gdayparks.com.au/parks/victoria/grampians/lake-fyans-holiday-park
Great Ocean Road Tourist Park,VIC Great Ocean Road,VIC,G'Day Parks,GDay,https://gdayparks.com.au/parks/victoria/great-ocean-road/great-ocean-road-tourist-park
Halls Gap Lakeside Tourist Park,VIC Halls Gap - Grampians,VIC,G'Day Parks,GDay,https://gdayparks.com.au/parks/victoria/halls-gap---grampians/halls-gap-lakeside-tourist-park
Central Warrnambool Holiday Park and Motel,VIC Warrnambool,VIC,G'Day Parks,GDay,https://gdayparks.com.au/parks/victoria/warrnambool/warrnambool-holiday-park-and-motel
Discovery Parks - Warrnambool,VIC Great Ocean Road,VIC,G'Day Parks,GDay,https://gdayparks.com.au/parks/victoria/great-ocean-road/warrnambool
Discovery Parks - Canberra,ACT Canberra,ACT,G'Day Parks,GDay,https://gdayparks.com.au/parks/australian-capital-territory/canberra/canberra
Capital Country Holiday Park,ACT Canberra,ACT,G'Day Parks,GDay,https://gdayparks.com.au/parks/australian-capital-territory/canberra/capital-country-holiday-park
Horsham Holiday Park,VIC Horsham,VIC,G'Day Parks,GDay,https://gdayparks.com.au/parks/victoria/horsham/horsham-holiday-park
Horsham Riverside Caravan Park,VIC Horsham,VIC,G'Day Parks,GDay,https://gdayparks.com.au/parks/victoria/horsham/horsham-riverside-caravan-park
Port Fairy Holiday Park,VIC Port Fairy,VIC,G'Day Parks,GDay,https://gdayparks.com.au/parks/victoria/port-fairy/port-fairy-holiday-park
Lake Hamilton Motor Village & Caravan Park,VIC Hamilton,VIC,G'Day Parks,GDay,https://gdayparks.com.au/parks/victoria/hamilton/lake-hamilton-motor-village-and-caravan-park
Beauty Point Tourist Park,TAS Launceston-Tamar Valley,TAS,G'Day Parks,GDay,https://gdayparks.com.au/parks/tasmania/launceston-tamar-valley/beauty-point-tourist-park
Discovery Parks - Devonport,TAS North West,TAS,G'Day Parks,GDay,https://gdayparks.com.au/parks/tasmania/north-west/devonport
Portland Tourist Park,VIC Portland,VIC,G'Day Parks,GDay,https://gdayparks.com.au/parks/victoria/portland/portland-tourist-park
Discovery Parks - Hadspen,TAS Launceston and North,TAS,G'Day Parks,GDay,https://gdayparks.com.au/parks/tasmania/launceston-and-north/hadspen
Discovery Resorts - Cradle Mountain,TAS North West,TAS,G'Day Parks,GDay,https://gdayparks.com.au/parks/tasmania/north-west/cradle-mountain
Penola Coonawarra Caravan Park,SA Limestone Coast,SA,G'Day Parks,GDay,https://gdayparks.com.au/parks/south-australia/limestone-coast/penola-coonawarra-caravan-park
Scamander Sanctuary Holiday Park,TAS East Coast,TAS,G'Day Parks,GDay,https://gdayparks.com.au/parks/tasmania/east-coast/scamander-sanctuary-holiday-park
Pine Country Caravan Park,SA Mount Gambier,SA,G'Day Parks,GDay,https://gdayparks.com.au/parks/south-australia/mount-gambier/pine-country-caravan-park
All Seasons Holiday Park,VIC Mildura,VIC,G'Day Parks,GDay,https://gdayparks.com.au/parks/victoria/mildura/all-seasons-holiday-park
"Discovery Parks - Mildura, Buronga Riverside",VIC Mallee,VIC,G'Day Parks,GDay,https://gdayparks.com.au/parks/victoria/mallee/mildura-buronga-riverside
Padthaway Caravan Park,SA Limestone Coast,SA,G'Day Parks,GDay,https://gdayparks.com.au/parks/south-australia/limestone-coast/padthaway-caravan-park
Millicent Lakeside Caravan Park,SA Limestone Coast,SA,G'Day Parks,GDay,https://gdayparks.com.au/parks/south-australia/limestone-coast/millicent-lakeside-caravan-park
Strahan Beach Tourist Park,TAS West Coast,TAS,G'Day Parks,GDay,https://gdayparks.com.au/parks/tasmania/west-coast/strahan-beach-tourist-park
Beachport Caravan Park,SA Limestone Coast,SA,G'Day Parks,GDay,https://gdayparks.com.au/parks/south-australia/limestone-coast/beachport-caravan-park
Discovery Parks - Robe,SA Limestone Coast,SA,G'Day Parks,GDay,https://gdayparks.com.au/parks/south-australia/limestone-coast/robe
Robe Holiday Park,SA Limestone Coast,SA,G'Day Parks,GDay,https://gdayparks.com.au/parks/south-australia/limestone-coast/robe-holiday-park
Robe Lakeside Tourist Park,SA Robe,SA,G'Day Parks,GDay,https://gdayparks.com.au/parks/south-australia/robe/robe-lakeside-tourist-park
Cape Jaffa Holiday Park,SA Limestone Coast,SA,G'Day Parks,GDay,https://gdayparks.com.au/parks/south-australia/limestone-coast/cape-jaffa-holiday-park
Discovery Parks - Hobart,TAS Hobart and South,TAS,G'Day Parks,GDay,https://gdayparks.com.au/parks/tasmania/hobart-and-south/hobart
Discovery Parks - Mornington Hobart,TAS Hobart and South,TAS,G'Day Parks,GDay,https://gdayparks.com.au/parks/tasmania/hobart-and-south/mornington-hobart
Discovery Parks - Renmark Riverfront,SA Riverland,SA,G'Day Parks,GDay,https://gdayparks.com.au/parks/south-australia/riverland/renmark-riverfront
Discovery Parks - Lake Bonney,SA Riverland,SA,G'Day Parks,GDay,https://gdayparks.com.au/parks/south-australia/riverland/barmera-lake-bonney
Cobdogla Station Caravan Park,SA Riverland,SA,G'Day Parks,GDay,https://gdayparks.com.au/parks/south-australia/riverland/cobdogla-station-caravan-park
Avoca Dell Caravan Park,SA Murray Bridge,SA,G'Day Parks,GDay,https://gdayparks.com.au/parks/south-australia/murray-bridge/avoca-dell-caravan-park
Discovery Parks - Goolwa,SA Fleurieu Peninsula,SA,G'Day Parks,GDay,https://gdayparks.com.au/parks/south-australia/fleurieu-peninsula/goolwa
Discovery Resorts - McCracken Resort,SA Fleurieu Peninsula,SA,G'Day Parks,GDay,https://gdayparks.com.au/parks/south-australia/fleurieu-peninsula/mccracken-resort
Victor Harbor Holiday Park,SA Victor Harbor,SA,G'Day Parks,GDay,https://gdayparks.com.au/parks/south-australia/victor-harbor/victor-harbor-holiday-park
Discovery Parks - Hahndorf,SA Adelaide Hills,SA,G'Day Parks,GDay,https://gdayparks.com.au/parks/south-australia/adelaide-hills/hahndorf-resort
Discovery Parks - Barossa Valley,SA Barossa Valley,SA,G'Day Parks,GDay,https://gdayparks.com.au/parks/south-australia/barossa-valley/tanunda-barossa-valley
Belair National Park Holiday Park,SA Adelaide Hills,SA,G'Day Parks,GDay,https://gdayparks.com.au/parks/south-australia/adelaide-hills/belair-national-park-holiday-park
McLaren Vale Cabin & Caravan Park,SA McLaren Vale,SA,G'Day Parks,GDay,https://gdayparks.com.au/parks/south-australia/mclaren-vale/mclaren-vale-cabin-and-caravan-park
Adelaide Brownhill Creek Tourist Park,SA Adelaide,SA,G'Day Parks,GDay,https://gdayparks.com.au/parks/south-australia/adelaide/brownhill-creek-tourist-park
Moana Beach Tourist Park,SA Adelaide South - Moana Beach,SA,G'Day Parks,GDay,https://gdayparks.com.au/parks/south-australia/adelaide-south---moana-beach/moana-beach-tourist-park
Levi Adelaide Holiday Park,SA Adelaide,SA,G'Day Parks,GDay,https://gdayparks.com.au/parks/south-australia/adelaide/levi-adelaide-holiday-park
Christies Beach Tourist Park,SA Adelaide South Christies Beach,SA,G'Day Parks,GDay,https://gdayparks.com.au/parks/south-australia/adelaide-south-christies-beach/christies-beach-tourist-park
Gawler Caravan Park,SA Gawler,SA,G'Day Parks,GDay,https://gdayparks.com.au/parks/south-australia/gawler/gawler-caravan-park
Discovery Parks - West Beach Parks,SA Adelaide,SA,G'Day Parks,GDay,https://gdayparks.com.au/parks/south-australia/adelaide/west-beach-parks
Discovery Parks - Adelaide Beachfront,SA Adelaide,SA,G'Day Parks,GDay,https://gdayparks.com.au/parks/south-australia/adelaide/adelaide-beachfront
Discovery Parks - Clare,SA Clare Valley,SA,G'Day Parks,GDay,https://gdayparks.com.au/parks/south-australia/clare-valley/clare
Kangaroo Island Cabins,SA Kangaroo Island,SA,G'Day Parks,GDay,https://gdayparks.com.au/parks/south-australia/kangaroo-island/kangaroo-island-cabins
Edithburgh Caravan Park,SA Yorke Peninsula,SA,G'Day Parks,GDay,https://gdayparks.com.au/parks/south-australia/yorke-peninsula/edithburgh-caravan-park
Stansbury Caravan Park,SA Yorke Peninsula,SA,G'Day Parks,GDay,https://gdayparks.com.au/parks/south-australia/yorke-peninsula/stansbury-caravan-park
Ardrossan Caravan Park,SA Ardrossan,SA,G'Day Parks,GDay,https://gdayparks.com.au/parks/south-australia/ardrossan/ardrossan-caravan-park
The Park Jamestown,SA Flinders Ranges and Outback,SA,G'Day Parks,GDay,https://gdayparks.com.au/parks/south-australia/flinders-ranges-and-outback/the-park-jamestown
Discovery Parks - Kangaroo Island,SA Kangaroo Island,SA,G'Day Parks,GDay,https://gdayparks.com.au/parks/south-australia/kangaroo-island/kangaroo-island
Port Broughton Tourist Park,SA Yorke Peninsula,SA,G'Day Parks,GDay,https://gdayparks.com.au/parks/south-australia/yorke-peninsula/port-broughton-tourist-park
Wallaroo Holiday Park,SA Yorke Peninsula,SA,G'Day Parks,GDay,https://gdayparks.com.au/parks/south-australia/yorke-peninsula/wallaroo-holiday-park
Wallaroo Beachfront Tourist Park,SA Wallaroo - Yorke Peninsula,SA,G'Day Parks,GDay,https://gdayparks.com.au/parks/south-australia/wallaroo---yorke-peninsula/wallaroo-beachfront-tourist-park
Melrose Caravan Park,SA Flinders Ranges and Outback,SA,G'Day Parks,GDay,https://gdayparks.com.au/parks/south-australia/flinders-ranges-and-outback/melrose-caravan-park
Spear Creek Holiday Park,SA Flinders Ranges and Outback,SA,G'Day Parks,GDay,https://gdayparks.com.au/parks/south-australia/flinders-ranges-and-outback/spear-creek-holiday-park
Discovery Parks - Whyalla Foreshore,SA Eyre Peninsula,SA,G'Day Parks,GDay,https://gdayparks.com.au/parks/south-australia/eyre-peninsula/whyalla-foreshore
Hawker Caravan Park,SA Flinders Ranges,SA,G'Day Parks,GDay,https://gdayparks.com.au/parks/south-australia/flinders-ranges/hawker-caravan-park
Shoreline Caravan Park,SA Port Augusta,SA,G'Day Parks,GDay,https://gdayparks.com.au/parks/south-australia/port-augusta/shoreline-caravan-park
Discovery Parks - Port Augusta,SA Flinders Ranges and Outback,SA,G'Day Parks,GDay,https://gdayparks.com.au/parks/south-australia/flinders-ranges-and-outback/port-augusta
Discovery Resorts - Wilpena Pound,SA Flinders Ranges and Outback,SA,G'Day Parks,GDay,https://gdayparks.com.au/parks/south-australia/flinders-ranges-and-outback/wilpena-pound
Tumby Bay Caravan Park,SA Tumby Bay,SA,G'Day Parks,GDay,https://gdayparks.com.au/parks/south-australia/tumby-bay/tumby-bay-caravan-park
Port Lincoln Tourist Park,SA Port Lincoln,SA,G'Day Parks,GDay,https://gdayparks.com.au/parks/south-australia/port-lincoln/port-lincoln-tourist-park
Discovery Parks - Coffin Bay,SA Eyre Peninsula,SA,G'Day Parks,GDay,https://gdayparks.com.au/parks/south-australia/eyre-peninsula/coffin-bay
Cunnamulla Tourist Park,QLD Cunnamulla,QLD,G'Day Parks,GDay,https://gdayparks.com.au/parks/queensland/cunnamulla/cunnamulla-tourist-park
Goondiwindi Tourist Park,QLD Goondiwindi,QLD,G'Day Parks,GDay,https://gdayparks.com.au/parks/queensland/goondiwindi/goondiwindi-top-tourist-park
Goondiwindi Holiday Park,QLD Goondiwindi,QLD,G'Day Parks,GDay,https://gdayparks.com.au/parks/queensland/goondiwindi/goondiwindi-holiday-park
Pelican Rest Tourist Park,QLD St George,QLD,G'Day Parks,GDay,https://gdayparks.com.au/parks/queensland/st-george/pelican-rest-tourist-park
Stanthorpe Top Of The Town Tourist Park,QLD Stanthorpe,QLD,G'Day Parks,GDay,https://gdayparks.com.au/parks/queensland/stanthorpe/stanthorpe-top-of-the-town-tourist-park
Elliston Waterloo Bay Tourist Park,SA Eyre Peninsula,SA,G'Day Parks,GDay,https://gdayparks.com.au/parks/south-australia/eyre-peninsula/elliston-waterloo-bay-tourist-park
Venus Bay Beachfront Tourist Park,SA Venus Bay,SA,G'Day Parks,GDay,https://gdayparks.com.au/parks/south-australia/venus-bay/venus-bay-beachfront-tourist-park
Discovery Parks - Roxby Downs,SA Flinders Ranges and Outback,SA,G'Day Parks,GDay,https://gdayparks.com.au/parks/south-australia/flinders-ranges-and-outback/roxby-downs
Discovery Parks - Streaky Bay Foreshore,SA Eyre Peninsula,SA,G'Day Parks,GDay,https://gdayparks.com.au/parks/south-australia/eyre-peninsula/streaky-bay
Bailey Bar Caravan Park,QLD Charleville,QLD,G'Day Parks,GDay,https://gdayparks.com.au/parks/queensland/charleville/bailey-bar-caravan-park
Roma Big Rig Tourist Park,QLD Roma,QLD,G'Day Parks,GDay,https://gdayparks.com.au/parks/queensland/roma/roma-big-rig-tourist-park
Nobby Beach Holiday Village,QLD Gold Coast,QLD,G'Day Parks,GDay,https://gdayparks.com.au/parks/queensland/gold-coast/nobby-beach-holiday-village
Ashmore Palms Holiday Village,QLD Gold Coast,QLD,G'Day Parks,GDay,https://gdayparks.com.au/parks/queensland/gold-coast/ashmore-palms-holiday-village
Paradise Country Farmstay,QLD Gold Coast,QLD,G'Day Parks,GDay,https://gdayparks.com.au/parks/queensland/gold-coast/paradise-country-farmstay
Crows Nest Tourist Park,QLD Crows Nest,QLD,G'Day Parks,GDay,https://gdayparks.com.au/parks/queensland/crows-nest/crows-nest-tourist-park
Brisbane Holiday Village,QLD Brisbane - Eight Mile Plains,QLD,G'Day Parks,GDay,https://gdayparks.com.au/parks/queensland/brisbane---eight-mile-plains/brisbane-holiday-village
Ceduna Shelly Beach Caravan Park,SA Eyre Peninsula,SA,G'Day Parks,GDay,https://gdayparks.com.au/parks/south-australia/eyre-peninsula/ceduna-shelly-beach-caravan-park
Yarraman Caravan Park and Cabins,QLD Yarraman,QLD,G'Day Parks,GDay,https://gdayparks.com.au/parks/queensland/yarraman/yarraman-caravan-park
Landsborough Holiday Park,QLD Sunshine Coast,QLD,G'Day Parks,GDay,https://gdayparks.com.au/parks/queensland/sunshine-coast/landsborough-holiday-park
Alex Beach Cabins and Tourist Park,QLD Alexandra Headland - Sunshine Coast,QLD,G'Day Parks,GDay,https://gdayparks.com.au/parks/queensland/alexandra-headland---sunshine-coast/alex-beach-cabins-and-tourist-park
Standown Park,QLD Sunshine Coast,QLD,G'Day Parks,GDay,https://gdayparks.com.au/parks/queensland/sunshine-coast/standown-park
Opal Inn Caravan Park,SA Coober Pedy,SA,G'Day Parks,GDay,https://gdayparks.com.au/parks/south-australia/coober-pedy/opal-inn-caravan-park
Tin Can Bay Tourist Park,QLD Tin Can Bay,QLD,G'Day Parks,GDay,https://gdayparks.com.au/parks/queensland/tin-can-bay/tin-can-bay-tourist-park
Rainbow Beach Holiday Village,QLD Rainbow Beach,QLD,G'Day Parks,GDay,https://gdayparks.com.au/parks/queensland/rainbow-beach/rainbow-beach-holiday-village
Burrum Shores Beachfront Campground,QLD Fraser Coast,QLD,G'Day Parks,GDay,https://gdayparks.com.au/parks/queensland/fraser-coast/burrum-shores-beachfront-campground
Fraser Coast Holiday Park,QLD Hervey Bay,QLD,G'Day Parks,GDay,https://gdayparks.com.au/parks/queensland/hervey-bay/fraser-coast-holiday-park
"Discovery Parks - Fraser Street, Hervey Bay",QLD Fraser Coast,QLD,G'Day Parks,GDay,https://gdayparks.com.au/parks/queensland/fraser-coast/fraser-street-hervey-bay
Hervey Bay Caravan Park,QLD Fraser Coast,QLD,G'Day Parks,GDay,https://gdayparks.com.au/parks/queensland/fraser-coast/hervey-bay-caravan-park
Discovery Parks - Biloela,QLD Outback,QLD,G'Day Parks,GDay,https://gdayparks.com.au/parks/queensland/outback-queensland/biloela
Splitters Farm,QLD Bundaberg,QLD,G'Day Parks,GDay,https://gdayparks.com.au/parks/queensland/bundaberg/splitters-farm
Discovery Parks - Bargara,QLD Bundaberg,QLD,G'Day Parks,GDay,https://gdayparks.com.au/parks/queensland/bundaberg/bargara
Emerald Cabin and Caravan Village,QLD Central Highlands,QLD,G'Day Parks,GDay,https://gdayparks.com.au/parks/queensland/central-highlands/emerald-cabin-and-caravan-village
Discovery Parks - Blackwater,QLD Capricorn,QLD,G'Day Parks,GDay,https://gdayparks.com.au/parks/queensland/capricorn/blackwater
1770 Holiday Village,QLD Seventeen Seventy 1770,QLD,G'Day Parks,GDay,https://gdayparks.com.au/parks/queensland/seventeen-seventy-1770/captain-cook-holiday-village
Longreach Tourist Park,QLD Outback,QLD,G'Day Parks,GDay,https://gdayparks.com.au/parks/queensland/outback-queensland/longreach-tourist-park
Outback Pioneers,QLD Outback,QLD,G'Day Parks,GDay,https://gdayparks.com.au/parks/queensland/outback-queensland/outback-pioneers
Discovery Parks - Tannum Sands,QLD Gladstone,QLD,G'Day Parks,GDay,https://gdayparks.com.au/parks/queensland/gladstone/tannum-sands
Southside Holiday Village,QLD Rockhampton,QLD,G'Day Parks,GDay,https://gdayparks.com.au/parks/queensland/rockhampton/southside-holiday-village
Discovery Parks - Rockhampton,QLD Capricorn,QLD,G'Day Parks,GDay,https://gdayparks.com.au/parks/queensland/capricorn/rockhampton
Keppel Sands Caravan Park,QLD Capricorn Coast,QLD,G'Day Parks,GDay,https://gdayparks.com.au/parks/queensland/capricorn-coast/keppel-sands-caravan-park
Tasman Holiday Parks - Fisherman’s Beach,QLD Emu Park,QLD,G'Day Parks,GDay,https://gdayparks.com.au/parks/queensland/emu-park/fishermans-beach-holiday-park
"Discovery Parks - Coolwaters, Yeppoon",QLD Capricorn,QLD,G'Day Parks,GDay,https://gdayparks.com.au/parks/queensland/capricorn/coolwaters-yeppoon
Discovery Parks - Mackay,QLD Mackay,QLD,G'Day Parks,GDay,https://gdayparks.com.au/parks/queensland/mackay/mackay
Mackay Caravan Park,QLD Mackay,QLD,G'Day Parks,GDay,https://gdayparks.com.au/parks/queensland/mackay/mackay-caravan-park
Discovery Parks - Airlie Beach,QLD Whitsundays,QLD,G'Day Parks,GDay,https://gdayparks.com.au/parks/queensland/whitsundays/airlie-beach
Charters Towers Tourist Park,QLD Charters Towers,QLD,G'Day Parks,GDay,https://gdayparks.com.au/parks/queensland/charters-towers/charters-towers-tourist-park
Discovery Parks - Alice Springs,NT Alice Springs,NT,G'Day Parks,GDay,https://gdayparks.com.au/parks/northern-territory/alice-springs/alice-springs
Wintersun Cabin and Caravan Park,NT Alice Springs,NT,G'Day Parks,GDay,https://gdayparks.com.au/parks/northern-territory/alice-springs/wintersun-cabin-and-caravan-park
Discovery Parks - Cloncurry,QLD Outback,QLD,G'Day Parks,GDay,https://gdayparks.com.au/parks/queensland/outback-queensland/cloncurry
Bowen Holiday Park,QLD Bowen - Whitsundays,QLD,G'Day Parks,GDay,https://gdayparks.com.au/parks/queensland/bowen---whitsundays/bowen-holiday-park
Discovery Parks - Argylla,QLD Outback,QLD,G'Day Parks,GDay,https://gdayparks.com.au/parks/queensland/outback-queensland/mount-isa-argylla
Sunset Tourist Park,QLD Mount Isa,QLD,G'Day Parks,GDay,https://gdayparks.com.au/parks/queensland/mount-isa/sunset-top-tourist-park
Discovery Parks - Ayr,QLD Townsville,QLD,G'Day Parks,GDay,https://gdayparks.com.au/parks/queensland/townsville/ayr
Discovery Resorts - Glen Helen,NT MacDonnell,NT,G'Day Parks,GDay,https://gdayparks.com.au/parks/northern-territory/macdonnell/glen-helen
Townsville Tourist & Lifestyle Village,QLD Townsville,QLD,G'Day Parks,GDay,https://gdayparks.com.au/parks/queensland/townsville/townsville-tourist-and-lifestyle-village
Discovery Parks - Townsville,QLD Townsville,QLD,G'Day Parks,GDay,https://gdayparks.com.au/parks/queensland/townsville/townsville
Coral Coast Tourist Park,QLD Townsville,QLD,G'Day Parks,GDay,https://gdayparks.com.au/parks/queensland/townsville/coral-coast-tourist-park
Discovery Resorts - Kings Canyon,NT Lasseter,NT,G'Day Parks,GDay,https://gdayparks.com.au/parks/northern-territory/lasseter/uluru-kings-canyon
Ingham Tourist Park,QLD Cairns,QLD,G'Day Parks,GDay,https://gdayparks.com.au/parks/queensland/cairns/ingham-tourist-park
Kookaburra Holiday Park,QLD Tropical North,QLD,G'Day Parks,GDay,https://gdayparks.com.au/parks/queensland/tropical-north-queensland/kookaburra-holiday-park
Discovery Resorts - Undara,QLD Tropical North,QLD,G'Day Parks,GDay,https://gdayparks.com.au/parks/queensland/tropical-north/undara-experience
Discovery Parks - Mount Surprise,QLD Tropical North,QLD,G'Day Parks,GDay,https://gdayparks.com.au/parks/queensland/tropical-north/mount-surprise
Mission Beach Hideaway Holiday Village,QLD Mission Beach,QLD,G'Day Parks,GDay,https://gdayparks.com.au/parks/queensland/mission-beach/mission-beach-hideaway-holiday-village
King Reef Resort,QLD Kurrimine Beach,QLD,G'Day Parks,GDay,https://gdayparks.com.au/parks/queensland/kurrimine-beach/king-reef-resort
Esperance Bay Holiday Park,WA Esperance,WA,G'Day Parks,GDay,https://gdayparks.com.au/parks/western-australia/esperance/esperance-bay-holiday-park
Esperance Pink Lake Tourist Park,WA Esperance,WA,G'Day Parks,GDay,https://gdayparks.com.au/parks/western-australia/esperance/esperance-pink-lake-tourist-park
Discovery Parks - Lake Tinaroo,QLD Tropical North,QLD,G'Day Parks,GDay,https://gdayparks.com.au/parks/queensland/tropical-north/lake-tinaroo
Tirranna Springs Roadhouse,QLD Tropical North,QLD,G'Day Parks,GDay,https://gdayparks.com.au/parks/queensland/tropical-north/tirranna-springs-roadhouse
First City Caravilla,QLD Cairns City,QLD,G'Day Parks,GDay,https://gdayparks.com.au/parks/queensland/cairns-city/first-city-caravilla
Crystal Cascades Holiday Park,QLD Cairns,QLD,G'Day Parks,GDay,https://gdayparks.com.au/parks/queensland/cairns/crystal-cascades-holiday-park
Lake Placid Rainforest Retreat,QLD Cairns,QLD,G'Day Parks,GDay,https://gdayparks.com.au/parks/queensland/cairns/lake-placid-tourist-park
Hopetoun Beachside Caravan Park,WA South West,WA,G'Day Parks,GDay,https://gdayparks.com.au/parks/western-australia/south-west/hopetoun-beachside-caravan-park
Discovery Parks - Boulder,WA Golden Outback,WA,G'Day Parks,GDay,https://gdayparks.com.au/parks/western-australia/golden-outback/boulder
Discovery Parks - Kalgoorlie Goldfields,WA Golden Outback,WA,G'Day Parks,GDay,https://gdayparks.com.au/parks/western-australia/golden-outback/kalgoorlie-goldfields
Cooktown Holiday Park,QLD Cooktown,QLD,G'Day Parks,GDay,https://gdayparks.com.au/parks/queensland/cooktown/cooktown-holiday-park
Cheynes Beach Caravan Park,WA Cheynes Beach - Albany,WA,G'Day Parks,GDay,https://gdayparks.com.au/parks/western-australia/cheynes-beach---albany/cheynes-beach-caravan-park
Tasman Holiday Parks - Albany,WA South West,WA,G'Day Parks,GDay,https://gdayparks.com.au/parks/western-australia/south-west/tasman-holiday-parks-albany
Acclaim Albany Holiday Park,WA South West,WA,G'Day Parks,GDay,https://gdayparks.com.au/parks/western-australia/south-west/acclaim-albany-holiday-park
Kojonup Caravan Park,WA South West,WA,G'Day Parks,GDay,https://gdayparks.com.au/parks/western-australia/south-west/kojonup-caravan-park
Coalmine Beach Holiday Park,WA Walpole,WA,G'Day Parks,GDay,https://gdayparks.com.au/parks/western-australia/walpole/coalmine-beach-holiday-park
Walpole Rest Point Caravan Park,WA Walpole,WA,G'Day Parks,GDay,https://gdayparks.com.au/parks/western-australia/walpole/rest-point-tourist-park
Fontys Pool & Caravan Park,WA South West,WA,G'Day Parks,GDay,https://gdayparks.com.au/parks/western-australia/south-west/fontys-pool-and-caravan-park
Larrimah Wayside Inn,NT Katherine Daly,NT,G'Day Parks,GDay,https://gdayparks.com.au/parks/northern-territory/katherine-daly/larrimah-wayside-inn-caravan-park
Collie Tourist Park,WA South West,WA,G'Day Parks,GDay,https://gdayparks.com.au/parks/western-australia/south-west/collie-river-valley-tourist-park
Lake Brockman Tourist Park,WA Harvey,WA,G'Day Parks,GDay,https://gdayparks.com.au/parks/western-australia/harvey/lake-brockman-tourist-park
Dwellingup Chalet and Caravan Park,WA South West,WA,G'Day Parks,GDay,https://gdayparks.com.au/parks/western-australia/south-west/dwellingup-chalet-and-caravan-park
Lake Navarino Holiday Park,WA South West,WA,G'Day Parks,GDay,https://gdayparks.com.au/parks/western-australia/south-west/lake-navarino-holiday-park
Discovery Parks - Bunbury Village,WA South West,WA,G'Day Parks,GDay,https://gdayparks.com.au/parks/western-australia/south-west/bunbury-village
Bunbury Glade Caravan Park,WA Bunbury,WA,G'Day Parks,GDay,https://gdayparks.com.au/parks/western-australia/bunbury/bunbury-glade-caravan-park
Discovery Parks - Bunbury Foreshore,WA South West,WA,G'Day Parks,GDay,https://gdayparks.com.au/parks/western-australia/south-west/bunbury-foreshore
Mandurah Caravan & Tourist Park,WA Mandurah,WA,G'Day Parks,GDay,https://gdayparks.com.au/parks/western-australia/mandurah/mandurah-caravan-and-tourist-park
Discovery Parks - Perth Airport,WA Greater Perth,WA,G'Day Parks,GDay,https://gdayparks.com.au/parks/western-australia/greater-perth/perth-airport
Banksia Tourist Park,WA Perth,WA,G'Day Parks,GDay,https://gdayparks.com.au/parks/western-australia/perth/banksia-tourist-park
Busselton Lazy Days Caravan Park,WA Busselton,WA,G'Day Parks,GDay,https://gdayparks.com.au/parks/western-australia/busselton/busselton-lazy-days-caravan-park
Discovery Parks - Busselton,WA South West,WA,G'Day Parks,GDay,https://gdayparks.com.au/parks/western-australia/south-west/busselton
Mandurah Twin Waters Caravan Park,WA Dawesville,WA,G'Day Parks,GDay,https://gdayparks.com.au/parks/western-australia/dawesville/twin-waters-caravan-park
Discovery Parks - Swan Valley,WA Greater Perth,WA,G'Day Parks,GDay,https://gdayparks.com.au/parks/western-australia/greater-perth/swan-valley
Riverview Tourist Park,WA Margaret River,WA,G'Day Parks,GDay,https://gdayparks.com.au/parks/western-australia/margaret-river/riverview-tourist-park
Margaret River Tourist Park,WA Margaret River,WA,G'Day Parks,GDay,https://gdayparks.com.au/parks/western-australia/margaret-river/margaret-river-tourist-park
Discovery Parks - Margaret River,WA South West,WA,G'Day Parks,GDay,https://gdayparks.com.au/parks/western-australia/south-west/margaret-river
Discovery Parks - Woodman Point,WA Greater Perth,WA,G'Day Parks,GDay,https://gdayparks.com.au/parks/western-australia/greater-perth/woodman-point
Discovery Parks - Coogee Beach,WA Greater Perth,WA,G'Day Parks,GDay,https://gdayparks.com.au/parks/western-australia/greater-perth/coogee-beach
Fremantle Village,WA Fremantle,WA,G'Day Parks,GDay,https://gdayparks.com.au/parks/western-australia/fremantle/fremantle-village
Gracetown Caravan Park,WA Margaret River - Gracetown,WA,G'Day Parks,GDay,https://gdayparks.com.au/parks/western-australia/margaret-river---gracetown/gracetown-caravan-park
Karrinyup Waters Resort,WA Perth,WA,G'Day Parks,GDay,https://gdayparks.com.au/parks/western-australia/perth/karrinyup-waters-resort
Discovery Resorts - Rottnest Island,WA Greater Perth,WA,G'Day Parks,GDay,https://gdayparks.com.au/parks/western-australia/greater-perth/rottnest-island
Riverview Tourist Village,NT Katherine,NT,G'Day Parks,GDay,https://gdayparks.com.au/parks/northern-territory/katherine/riverview-tourist-village
Discovery Parks - Katherine,NT Katherine Daly,NT,G'Day Parks,GDay,https://gdayparks.com.au/parks/northern-territory/katherine-daly/katherine
Experience Lancelin Holiday Park,WA Lancelin,WA,G'Day Parks,GDay,https://gdayparks.com.au/parks/western-australia/lancelin/experience-lancelin-holiday-park
Discovery Resorts - Lake Argyle,WA North West,WA,G'Day Parks,GDay,https://gdayparks.com.au/parks/western-australia/north-west/lake-argyle
Kimberleyland Waterfront Holiday Park,WA Kununurra,WA,G'Day Parks,GDay,https://gdayparks.com.au/parks/western-australia/kununurra/kimberleyland-holiday-park
Discovery Parks - Lake Kununurra,WA North West,WA,G'Day Parks,GDay,https://gdayparks.com.au/parks/western-australia/north-west/lake-kununurra
Hidden Valley Kununurra Caravan Park,WA North West,WA,G'Day Parks,GDay,https://gdayparks.com.au/parks/western-australia/north-west/hidden-valley-kununurra-caravan-park
Jurien Bay Tourist Park,WA Jurien Bay,WA,G'Day Parks,GDay,https://gdayparks.com.au/parks/western-australia/jurien-bay/jurien-bay-tourist-park
Dongara Tourist Park,WA Dongara Port Denison,WA,G'Day Parks,GDay,https://gdayparks.com.au/parks/western-australia/dongara-port-denison/dongara-tourist-park
Seaspray Beach Holiday Park,WA Dongara Port Denison,WA,G'Day Parks,GDay,https://gdayparks.com.au/parks/western-australia/dongara-port-denison/seaspray-beach-holiday-park
Sunset Beach Holiday Park,WA Geraldton,WA,G'Day Parks,GDay,https://gdayparks.com.au/parks/western-australia/geraldton/sunset-beach-holiday-park
Belair Gardens Caravan Park,WA Geraldton,WA,G'Day Parks,GDay,https://gdayparks.com.au/parks/western-australia/geraldton/belair-gardens-caravan-park
Litchfield Tourist Park,NT Litchfield,NT,G'Day Parks,GDay,https://gdayparks.com.au/parks/northern-territory/litchfield/litchfield-tourist-park
Horrocks Beach Caravan Park,WA Horrocks,WA,G'Day Parks,GDay,https://gdayparks.com.au/parks/western-australia/horrocks/horrocks-beach-caravan-park
AAOK Lakes Resort & Caravan Park,NT Litchfield Kakadu Arnhem,NT,G'Day Parks,GDay,https://gdayparks.com.au/parks/northern-territory/litchfield-kakadu-arnhem/aaok-lakes-resort-and-caravan-park
Port Gregory Caravan Park,WA Gregory,WA,G'Day Parks,GDay,https://gdayparks.com.au/parks/western-australia/gregory/port-gregory-caravan-park
Eighty Mile Beach Caravan Park,WA North West,WA,G'Day Parks,GDay,https://gdayparks.com.au/parks/western-australia/north-west/eighty-mile-beach-caravan-park
Dundee Beach Holiday Park,NT Dundee Beach,NT,G'Day Parks,GDay,https://gdayparks.com.au/parks/northern-territory/dundee-beach/dundee-beach-holiday-park
Discovery Parks - Darwin,NT Darwin,NT,G'Day Parks,GDay,https://gdayparks.com.au/parks/northern-territory/darwin/darwin
Tom Price Tourist Park,WA Tom Price,WA,G'Day Parks,GDay,https://gdayparks.com.au/parks/western-australia/tom-price/tom-price-tourist-park
Kalbarri Tudor Holiday Park,WA Kalbarri,WA,G'Day Parks,GDay,https://gdayparks.com.au/parks/western-australia/kalbarri/kalbarri-tudor-holiday-park
Tasman Holiday Parks - Kalbarri,WA Kalbarri,WA,G'Day Parks,GDay,https://gdayparks.com.au/parks/western-australia/kalbarri/murchison-caravan-park
Kalbarri Red Bluff Tourist Park,WA Kalbarri,WA,G'Day Parks,GDay,https://gdayparks.com.au/parks/western-australia/kalbarri/kalbarri-red-bluff-tourist-park
Discovery Parks - Broome,WA North West,WA,G'Day Parks,GDay,https://gdayparks.com.au/parks/western-australia/north-west/broome
Broome Caravan Park,WA Broome,WA,G'Day Parks,GDay,https://gdayparks.com.au/parks/western-australia/broome/broome-caravan-park
Discovery Parks - Port Hedland,WA North West,WA,G'Day Parks,GDay,https://gdayparks.com.au/parks/western-australia/north-west/port-hedland
Nanga Shark Bay Caravan Park,WA Coral Coast,WA,G'Day Parks,GDay,https://gdayparks.com.au/parks/western-australia/coral-coast/nanga-shark-bay-caravan-park
Tasman Holiday Parks - Denham Seaside,WA Coral Coast,WA,G'Day Parks,GDay,https://gdayparks.com.au/parks/western-australia/coral-coast/tasman-holiday-parks-denham-seaside
Capricorn Holiday Park,WA Carnarvon,WA,G'Day Parks,GDay,https://gdayparks.com.au/parks/western-australia/carnarvon/capricorn-holiday-park
Discovery Parks - Carnarvon,WA Coral Coast,WA,G'Day Parks,GDay,https://gdayparks.com.au/parks/western-australia/coral-coast/carnarvon
"Discovery Parks - Pilbara, Karratha",WA North West,WA,G'Day Parks,GDay,https://gdayparks.com.au/parks/western-australia/north-west/pilbara-karratha
Discovery Parks - Onslow,WA North West,WA,G'Day Parks,GDay,https://gdayparks.com.au/parks/western-australia/north-west/onslow
Discovery Parks - Discovery Parks - Lake Tinaroo,QLD Tropical North,QLD,G'Day Parks,GDay,https://gdayparks.com.au/parks/queensland/tropical-north/lake-tinaroo
Acacia Hills Caravan Park,Acacia Hills,NT,Kui Parks,Kui,https://kuiparks.com.au/parks/acacia-hills-caravan-park
Apex Riverbeach Holiday Park,Holiday Mildura,VIC,Kui Parks,Kui,https://kuiparks.com.au/parks/apex-riverbeach-holiday-park
Barambah Bush Caravan and Camping Park,Acres Murgon,QLD,Kui Parks,Kui,https://kuiparks.com.au/parks/barambah-bush-caravan-and-camping-park
Beach Park Tourist Caravan Park,Phillip Island,VIC,Kui Parks,Kui,https://kuiparks.com.au/parks/beach-park-tourist-caravan-park
Blacksmith Beachside Holiday Park,,NSW,Kui Parks,Kui,https://kuiparks.com.au/parks/blacksmith-beachside-holiday-park
Coonamble Riverside Holiday Park,,NSW,Kui Parks,Kui,https://kuiparks.com.au/parks/coonamble-riverside-holiday-park
Coraki Riverside Caravan Park,meet Coraki,NSW,Kui Parks,Kui,https://kuiparks.com.au/parks/coraki-riverside-caravan-park
Country Road Caravan Park,hospitality Uralla,NSW,Kui Parks,Kui,https://kuiparks.com.au/parks/country-road-caravan-park
Creswick Holiday Park,,VIC,Kui Parks,Kui,https://kuiparks.com.au/parks/creswick-holiday-park
Crystal Creek Caravan Park,Await! Mutarnee,QLD,Kui Parks,Kui,https://kuiparks.com.au/parks/crystal-creek-caravan-park
Dalmeny Campground,,NSW,Kui Parks,Kui,https://kuiparks.com.au/parks/dalmeny-campground
Diamond Waters Caravan Park,River Dunbogan,NSW,Kui Parks,Kui,https://kuiparks.com.au/parks/diamond-waters-caravan-park
Drummond Cove Holiday Park,"Buller, Geraldton",WA,Kui Parks,Kui,https://kuiparks.com.au/parks/drummond-cove-holiday-park
Edenhope Lakeside Tourist Park,Cheers! Edenhope,VIC,Kui Parks,Kui,https://kuiparks.com.au/parks/edenhope-lakeside-tourist-park
Forrest Holiday Park,,VIC,Kui Parks,Kui,https://kuiparks.com.au/parks/forrest-holiday-park
Four Seasons Holiday Park,setting Busselton,WA,Kui Parks,Kui,https://kuiparks.com.au/parks/four-seasons-holiday-park-0
Gogeldrie Riverside Park,Serenity! Gogeldrie,NSW,Kui Parks,Kui,https://kuiparks.com.au/parks/gogeldrie-riverside-park
Harbour View Caravan Park,Comfort! Cowell,SA,Kui Parks,Kui,https://kuiparks.com.au/parks/harbour-view-caravan-park
Holbrook Motor Village,Surprised! Holbrook,NSW,Kui Parks,Kui,https://kuiparks.com.au/parks/holbrook-motor-village
Inverell Caravan Park,Park Inverell,NSW,Kui Parks,Kui,https://kuiparks.com.au/parks/inverell-caravan-park
Khancoban Lakeside Caravan Park,Winter! Khancoban,NSW,Kui Parks,Kui,https://kuiparks.com.au/parks/khancoban-lakeside-caravan-park
Kingston-on-Murray Caravan Park,on Murray,SA,Kui Parks,Kui,https://kuiparks.com.au/parks/kingston-on-murray-caravan-park
Lake Colac Holiday Park,,VIC,Kui Parks,Kui,https://kuiparks.com.au/parks/lake-colac-holiday-park
Lake Leslie Tourist Park,Leslie Dam,QLD,Kui Parks,Kui,https://kuiparks.com.au/parks/lake-leslie-tourist-park
Lilydale Pine Hill Caravan Park,Explore Lilydale,VIC,Kui Parks,Kui,https://kuiparks.com.au/parks/lilydale-pine-hill-caravan-park
Maaroom Caravan Park,unwind Maaroom,QLD,Kui Parks,Kui,https://kuiparks.com.au/parks/maaroom-caravan-park
Manjimup Central Caravan Park,"Street, MANJIMUP",WA,Kui Parks,Kui,https://kuiparks.com.au/parks/manjimup-central-caravan-park
Melrose Caravan and Tourist Park,Experience Melrose,SA,Kui Parks,Kui,https://kuiparks.com.au/parks/melrose-caravan-tourist-park
Minlaton Caravan Park,Peninsula Minlaton,SA,Kui Parks,Kui,https://kuiparks.com.au/parks/minlaton-caravan-park
Monto Caravan and Cabin Park,Gorge Monto,QLD,Kui Parks,Kui,https://kuiparks.com.au/parks/monto-caravan-and-cabin-park
Moruya North Head Campground,,NSW,Kui Parks,Kui,https://kuiparks.com.au/parks/moruya-north-head-campground
Mount Gambier Central Caravan Park,Mount Gambier,SA,Kui Parks,Kui,https://kuiparks.com.au/parks/mount-gambier-central-caravan-park
Mount Larcom Tourist Park,Mt. Larcom,QLD,Kui Parks,Kui,https://kuiparks.com.au/parks/mount-larcom-tourist-park
Mystery Bay Campground,,NSW,Kui Parks,Kui,https://kuiparks.com.au/parks/mystery-bay-campground
Oakwood Caravan Park,friendliness Bundaberg,QLD,Kui Parks,Kui,https://kuiparks.com.au/parks/oakwood-caravan-park
Oasis Tourist Park,hideaway Virginia,NT,Kui Parks,Kui,https://kuiparks.com.au/parks/oasis-tourist-park
Pioneer Tourist Park,Cobb Highway,NSW,Kui Parks,Kui,https://kuiparks.com.au/parks/pioneer-tourist-park
Planet Earth Adventures,Mt. Surprise,QLD,Kui Parks,Kui,https://kuiparks.com.au/parks/planet-earth-adventures
Rich River Tourist Park,track! Echuca,VIC,Kui Parks,Kui,https://kuiparks.com.au/parks/rich-river-tourist-park
Riverside Burrum Heads,,QLD,Kui Parks,Kui,https://kuiparks.com.au/parks/riverside-burrum-heads
Robinvale Riverside Caravan Park,Fun Robinvale,VIC,Kui Parks,Kui,https://kuiparks.com.au/parks/robinvale-riverside-caravan-park
Sapphire Caravan & Cabin Park,setting Sapphire,QLD,Kui Parks,Kui,https://kuiparks.com.au/parks/sapphire-caravan-cabin-park
Standown Park,Kia Ora,QLD,Kui Parks,Kui,https://kuiparks.com.au/parks/standown-park
Tawonga Tourist Park,,VIC,Kui Parks,Kui,https://kuiparks.com.au/parks/tawonga-tourist-park
Tingha Gems Caravan Park,Gems! Tingha,NSW,Kui Parks,Kui,https://kuiparks.com.au/parks/tingha-gems-caravan-park
Tiny Away Escape @ Granite Belt,Belt Stanthorpe,QLD,Kui Parks,Kui,https://kuiparks.com.au/parks/tiny-away-escape-granite-belt
Traveller's Rest 1770 Eco Camping,,QLD,Kui Parks,Kui,https://kuiparks.com.au/parks/travellers-rest-1770-eco-camping
Trinity Islands Holiday Park,Burrum River,QLD,Kui Parks,Kui,https://kuiparks.com.au/parks/trinity-islands-holiday-park
Tropical Hibiscus Caravan Park,Wongaling Beach,QLD,Kui Parks,Kui,https://kuiparks.com.au/parks/tropical-hibiscus-caravan-park
Wangaratta Caravan Park,hideaway Wangaratta,VIC,Kui Parks,Kui,https://kuiparks.com.au/parks/wangaratta-caravan-park
Wangi Point Holiday Park,,NSW,Kui Parks,Kui,https://kuiparks.com.au/parks/wangi-point-holiday-park
Waterfront Holiday Park,,SA,Kui Parks,Kui,https://kuiparks.com.au/parks/waterfront-holiday-park
Wide Bay Getaway,Coast Bidwill,QLD,Kui Parks,Kui,https://kuiparks.com.au/parks/wide-bay-getaway
Williams Motel & Caravan Park,Secure Williams,WA,Kui Parks,Kui,https://kuiparks.com.au/parks/williams-motel-caravan-park
Alice Springs Tourist Park,ALICE SPRINGS,NT,Family Parks Australia,FamilyParks,
Captain Cook Holiday Park,BRUNY ISLAND,TAS,Family Parks Australia,FamilyParks,
Cardwell Van Park,CARDWELL,QLD,Family Parks Australia,FamilyParks,
Coolum Beach Holiday Park,SUNSHINE COAST,QLD,Family Parks Australia,FamilyParks,
Cotton Tree Holiday Park,SUNSHINE COAST,QLD,Family Parks Australia,FamilyParks,
Dicky Beach Family Holiday Park,SUNSHINE COAST,QLD,Family Parks Australia,FamilyParks,
Geelong Surfcoast Highway Holiday Park,GEELONG,VIC,Family Parks Australia,FamilyParks,
Gwydir Carapark & Thermal Pools,"MOREE,",,Family Parks Australia,FamilyParks,
Holiday Lifestyle Henty Bay Portland,PORTLAND,VIC,Family Parks Australia,FamilyParks,
Maroochydore Beach Holiday Park,SUNSHINE COAST,QLD,Family Parks Australia,FamilyParks,
Mooloolaba Beach Holiday Park,SUNSHINE COAST,QLD,Family Parks Australia,FamilyParks,
Mudjimba Beach Holiday Park,SUNSHINE COAST,QLD,Family Parks Australia,FamilyParks,
Oasis Tourist Park,COOBER PEDY,SA,Family Parks Australia,FamilyParks,
Riverside Tourist Park,ROCKHAMPTON,QLD,Family Parks Australia,FamilyParks,
Second Valley Caravan Park,SECOND VALLEY,SA,Family Parks Australia,FamilyParks,
Surfside Holiday Park,WARRNAMBOOL,VIC,Family Parks Australia,FamilyParks,
Belmont Lakeside Caravan Park,Belmont,NSW,Lake Mac Holiday Parks,LakeMac,https://lakemacholidayparks.com.au/belmont-lakeside-caravan-park
Blacksmiths Beachside Caravan Park,Blacksmiths,NSW,Lake Mac Holiday Parks,LakeMac,https://lakemacholidayparks.com.au/blacksmiths-beachside-caravan-park
Swansea Lakeside Caravan Park,Swansea,NSW,Lake Mac Holiday Parks,LakeMac,https://lakemacholidayparks.com.au/swansea-lakeside-caravan-park
Wangi Point Caravan Park,Wangi,NSW,Lake Mac Holiday Parks,LakeMac,https://lakemacholidayparks.com.au/wangi-point-caravan-park
Sails Caravan Park,Sails,NSW,Lake Mac Holiday Parks,LakeMac,https://lakemacholidayparks.com.au/sails-caravan-park
Dicky Beach Family Holiday Park,Dicky Beach,QLD,Sunshine Coast Holiday Parks,SunshineCoast,https://www.sunshinecoastholidayparks.com.au/holiday_parks/dicky_beach_family_holiday_park
Mooloolaba Beach Holiday Park,Mooloolaba,QLD,Sunshine Coast Holiday Parks,SunshineCoast,https://www.sunshinecoastholidayparks.com.au/holiday_parks/mooloolaba_beach_holiday_park
Maroochydore Beach Holiday Park,Maroochydore,QLD,Sunshine Coast Holiday Parks,SunshineCoast,https://www.sunshinecoastholidayparks.com.au/holiday_parks/maroochydore_beach_holiday_park
Cotton Tree Holiday Park,Cotton Tree,QLD,Sunshine Coast Holiday Parks,SunshineCoast,https://www.sunshinecoastholidayparks.com.au/holiday_parks/cotton_tree_holiday_park
Mudjimba Beach Holiday Park,Mudjimba,QLD,Sunshine Coast Holiday Parks,SunshineCoast,https://www.sunshinecoastholidayparks.com.au/holiday_parks/mudjimba_beach_holiday_park
Coolum Beach Holiday Park,Coolum,QLD,Sunshine Coast Holiday Parks,SunshineCoast,https://www.sunshinecoastholidayparks.com.au/holiday_parks/coolum_beach_holiday_park
Barlings Beach Holiday Park,,NSW,Aspen Holiday Parks,Aspen,https://aspenholidayparks.com.au/barlings-beach-holiday-park
Koala Shores Holiday Park,,NSW,Aspen Holiday Parks,Aspen,https://aspenholidayparks.com.au/koala-shores-holiday-park
The Black Dolphin Merimbula,,NSW,Aspen Holiday Parks,Aspen,https://aspenholidayparks.com.au/tween-waters-merimbula
Adelaide Caravan Park,City,SA,Aspen Holiday Parks,Aspen,https://aspenholidayparks.com.au/adelaide-caravan-park
Highway 1 Holiday & Lifestyle Park,,SA,Aspen Holiday Parks,Aspen,https://aspenholidayparks.com.au/highway-1-holiday-and-lifestyle-park
Karratha,,WA,Aspen Holiday Parks,Aspen,https://aspenholidayparks.com.au/aspen-karratha-village
Darwin FreeSpirit Resort,,NT,Aspen Holiday Parks,Aspen,https://aspenholidayparks.com.au/darwin-freespirit-resort
The Holiday Park,West Beach,SA,West Beach Parks,WestBeach,https://www.westbeachparks.com.au/holiday-accommodation/the-holiday-park
The Retreat,West Beach,SA,West Beach Parks,WestBeach,https://www.westbeachparks.com.au/holiday-accommodation/the-retreat
